{"cameraMode":{"drawMode":0,"name":"Shaded","section":"Shading Mode"},"sceneLighting":true,"audioPlay":false,"sceneViewState":{"m_AlwaysRefresh":false,"showFog":true,"showSkybox":true,"showFlares":true,"showImageEffects":true,"showParticleSystems":true,"showVisualEffectGraphs":true,"m_FxEnabled":true},"in2DMode":false,"pivot":{"x":-0.8744024038314819,"y":-0.4924112558364868,"z":-4.161218166351318},"rotation":{"x":0.003607654944062233,"y":-0.9738068580627441,"z":0.22785687446594239,"w":0.023416412994265558},"size":4.253072738647461,"orthographic":false}